a,l,d
NM_001433705.1,3850,"Homo sapiens NLR family pyrin domain containing 5 (NLRP5), transcript variant 1, mRNA"
NM_001405531.1,3826,"Homo sapiens NLR family pyrin domain containing 7 (NLRP7), transcript variant 4, mRNA"
NM_001127255.2,3440,"Homo sapiens NLR family pyrin domain containing 7 (NLRP7), transcript variant 3, mRNA"
NM_206828.4,3269,"Homo sapiens NLR family pyrin domain containing 7 (NLRP7), transcript variant 2, mRNA"
NM_139176.4,3356,"Homo sapiens NLR family pyrin domain containing 7 (NLRP7), transcript variant 1, mRNA"
NM_001394372.1,5687,"Homo sapiens BRD4 interacting chromatin remodeling complex associated protein (BICRA), transcript variant 2, mRNA"
NM_001004426.3,3137,"Homo sapiens phospholipase A2 group VI (PLA2G6), transcript variant 2, mRNA"
NM_001282856.2,7805,"Homo sapiens gon-4 like (GON4L), transcript variant 4, mRNA"
NM_001174082.3,3474,"Homo sapiens NLR family pyrin domain containing 2 (NLRP2), transcript variant 3, mRNA"
NM_130468.4,2175,"Homo sapiens carbohydrate sulfotransferase 14 (CHST14), mRNA"
NM_001282860.2,7745,"Homo sapiens gon-4 like (GON4L), transcript variant 3, mRNA"
NM_001374522.1,2319,"Homo sapiens dermatan sulfate epimerase (DSE), transcript variant 17, mRNA"
NR_145325.2,3741,"Homo sapiens NLR family pyrin domain containing 2 (NLRP2), transcript variant 6, non-coding RNA"
NR_136523.2,1709,"Homo sapiens dermatan sulfate epimerase (DSE), transcript variant 13, non-coding RNA"
NR_136522.2,646,"Homo sapiens dermatan sulfate epimerase (DSE), transcript variant 12, non-coding RNA"
NR_136521.2,437,"Homo sapiens dermatan sulfate epimerase (DSE), transcript variant 11, non-coding RNA"
NR_136520.2,2119,"Homo sapiens dermatan sulfate epimerase (DSE), transcript variant 10, non-coding RNA"
NM_032292.6,5128,"Homo sapiens gon-4 like (GON4L), transcript variant 2, mRNA"
NM_001282858.2,7742,"Homo sapiens gon-4 like (GON4L), transcript variant 5, mRNA"
NM_001282861.2,5140,"Homo sapiens gon-4 like (GON4L), transcript variant 6, mRNA"
NM_001199562.3,3017,"Homo sapiens phospholipase A2 group VI (PLA2G6), transcript variant 3, mRNA"
NM_001349865.2,3133,"Homo sapiens phospholipase A2 group VI (PLA2G6), transcript variant 5, mRNA"
NM_153280.3,3480,"Homo sapiens ubiquitin like modifier activating enzyme 1 (UBA1), transcript variant 2, mRNA"
NM_001348003.2,3531,"Homo sapiens NLR family pyrin domain containing 2 (NLRP2), transcript variant 5, mRNA"
NM_001349868.2,2987,"Homo sapiens phospholipase A2 group VI (PLA2G6), transcript variant 8, mRNA"
NM_001349866.2,3013,"Homo sapiens phospholipase A2 group VI (PLA2G6), transcript variant 6, mRNA"
NM_001174081.3,3540,"Homo sapiens NLR family pyrin domain containing 2 (NLRP2), transcript variant 2, mRNA"
NM_001174083.2,3471,"Homo sapiens NLR family pyrin domain containing 2 (NLRP2), transcript variant 4, mRNA"
NM_001349869.2,3148,"Homo sapiens phospholipase A2 group VI (PLA2G6), transcript variant 9, mRNA"
NM_139071.3,3160,"Homo sapiens SWI/SNF related BAF chromatin remodeling complex subunit D1 (SMARCD1), transcript variant 2, mRNA"
NM_001349864.2,3295,"Homo sapiens phospholipase A2 group VI (PLA2G6), transcript variant 4, mRNA"
NM_001349867.2,3310,"Homo sapiens phospholipase A2 group VI (PLA2G6), transcript variant 7, mRNA"
NM_198475.3,3138,"Homo sapiens family with sequence similarity 171 member A2 (FAM171A2), mRNA"
NM_003560.4,3299,"Homo sapiens phospholipase A2 group VI (PLA2G6), transcript variant 1, mRNA"
NM_003076.5,3283,"Homo sapiens SWI/SNF related BAF chromatin remodeling complex subunit D1 (SMARCD1), transcript variant 1, mRNA"
NM_017852.5,3540,"Homo sapiens NLR family pyrin domain containing 2 (NLRP2), transcript variant 1, mRNA"
NM_171998.4,3413,"Homo sapiens RAB39B, member RAS oncogene family (RAB39B), mRNA"
NM_012250.6,2343,"Homo sapiens RAS related 2 (RRAS2), transcript variant 1, mRNA"
NM_001017361.3,1037,"Homo sapiens KH domain containing 3 like, subcortical maternal complex member (KHDC3L), mRNA"
NM_001256627.2,4528,"Homo sapiens BR serine/threonine kinase 2 (BRSK2), transcript variant 1, mRNA"
NM_003334.4,3572,"Homo sapiens ubiquitin like modifier activating enzyme 1 (UBA1), transcript variant 1, mRNA"
NG_017074.1,9198,"Homo sapiens carbohydrate sulfotransferase 14 (CHST14), RefSeqGene (LRG_600) on chromosome 15"
NM_015711.3,5741,"Homo sapiens BRD4 interacting chromatin remodeling complex associated protein (BICRA), transcript variant 1, mRNA"
NM_153447.4,3885,"Homo sapiens NLR family pyrin domain containing 5 (NLRP5), transcript variant 2, mRNA"
PV646494.1,1187,"UNVERIFIED: Homo sapiens clone 6119411_JRB MHC class II antigen (HLA-DRB1) gene, HLA-DRB1*03:01:04 allele, partial sequence"
PV646493.1,1187,"UNVERIFIED: Homo sapiens clone 6072119_RKB MHC class II antigen (HLA-DRB1) gene, HLA-DRB1*11:04:03 allele, partial sequence"
PV646492.1,1187,"UNVERIFIED: Homo sapiens clone 6005513_HAS MHC class II antigen (HLA-DRB1) gene, HLA-DRB1*13:80 allele, partial sequence"
PV650374.1,608,"Homo sapiens isolate 34 cannabinoid receptor 1 (CNR1) gene, partial cds"
PV650373.1,608,"Homo sapiens isolate 33 cannabinoid receptor 1 (CNR1) gene, partial cds"
PV650372.1,608,"Homo sapiens isolate 29 cannabinoid receptor 1 (CNR1) gene, partial cds"
PV650371.1,608,"Homo sapiens isolate 28 cannabinoid receptor 1 (CNR1) gene, partial cds"
PV650370.1,608,"Homo sapiens isolate 27 cannabinoid receptor 1 (CNR1) gene, partial cds"
PV650369.1,608,"Homo sapiens isolate 26 cannabinoid receptor 1 (CNR1) gene, partial cds"
PV650368.1,608,"Homo sapiens isolate 25 cannabinoid receptor 1 (CNR1) gene, partial cds"
PV650367.1,608,"Homo sapiens isolate 24 cannabinoid receptor 1 (CNR1) gene, partial cds"
PV650366.1,608,"Homo sapiens isolate 23 cannabinoid receptor 1 (CNR1) gene, partial cds"
PV650365.1,608,"Homo sapiens isolate 21 cannabinoid receptor 1 (CNR1) gene, partial cds"
PV650364.1,608,"Homo sapiens isolate 20 cannabinoid receptor 1 (CNR1) gene, partial cds"
PV650363.1,608,"Homo sapiens isolate 19 cannabinoid receptor 1 (CNR1) gene, partial cds"
PV650362.1,608,"Homo sapiens isolate 15 cannabinoid receptor 1 (CNR1) gene, partial cds"
